use sys;
create database financial;
use financial;
CREATE TABLE Accounts ( account_id INT PRIMARY KEY, account_name VARCHAR(255), balance DECIMAL(10, 2), type VARCHAR(50) );
CREATE TABLE Categories ( category_id INT PRIMARY KEY, category_name VARCHAR(255) );
CREATE TABLE Transactions ( transaction_id INT PRIMARY KEY, date DATE, amount DECIMAL(10, 2),
description TEXT, account_id INT, category_id INT, FOREIGN KEY (account_id) REFERENCES Accounts(account_id), FOREIGN KEY (category_id) REFERENCES Categories(category_id) );
INSERT INTO Categories (category_id, category_name) VALUES
(1, 'Groceries'),
(2, 'Utilities'),
(3, 'Rent'),
(4, 'Entertainment'),
(5, 'Transportation'),
(6, 'Healthcare'),
(7, 'Education'),
(8, 'Shopping'),
(9, 'Dining Out'),
(10, 'Travel'),
(11, 'Investments'),
(12, 'Insurance'),
(13, 'Savings'),
(14, 'Loans'),
(15, 'Charity'),
(16, 'Gifts'),
(17, 'Utilities'),
(18, 'Utilities'),
(19, 'Utilities'),
(20, 'Utilities'),
(21, 'Utilities'),
(22, 'Utilities'),
(23, 'Utilities'),
(24, 'Utilities'),
(25, 'Utilities'),
(26, 'Utilities'),
(27, 'Utilities'),
(28, 'Utilities'),
(29, 'Utilities'),
(30, 'Utilities'),
(31, 'Utilities'),
(32, 'Utilities'),
(33, 'Utilities'),
(34, 'Utilities'),
(35, 'Utilities'),
(36, 'Utilities'),
(37, 'Utilities'),
(38, 'Utilities'),
(39, 'Utilities'),
(40, 'Utilities'),
(41, 'Utilities'),
(42, 'Utilities'),
(43, 'Utilities'),
(44, 'Utilities'),
(45, 'Utilities'),
(46, 'Utilities'),
(47, 'Utilities'),
(48, 'Utilities'),
(49, 'Utilities'),
(50, 'Utilities');
INSERT INTO Accounts (account_id, account_name, balance, type) VALUES
(1, 'Savings Account', 5000.00, 'Savings'),
(2, 'Checking Account', 2500.00, 'Checking'),
(3, 'Credit Card', -1000.00, 'Credit'),
(4, 'Investment Account', 10000.00, 'Investment'),
(5, 'Loan Account', -5000.00, 'Loan'),
(6, 'Expense Account', 0.00, 'Expense'),
(7, 'Income Account', 500.00, 'Income'),
(8, 'Retirement Account', 15000.00, 'Retirement'),
(9, 'Education Fund', 2000.00, 'Savings'),
(10, 'Travel Fund', 3000.00, 'Savings'),
(11, 'Emergency Fund', 1000.00, 'Savings'),
(12, 'Medical Fund', 1500.00, 'Savings'),
(13, 'Charity Fund', 500.00, 'Savings'),
(14, 'Gift Fund', 200.00, 'Savings'),
(15, 'Utility Bill Account', -150.00, 'Bill'),
(16, 'Phone Bill Account', -50.00, 'Bill'),
(17, 'Electricity Bill Account', -100.00, 'Bill'),
(18, 'Water Bill Account', -50.00, 'Bill'),
(19, 'Internet Bill Account', -75.00, 'Bill'),
(20, 'Rent Payment Account', -500.00, 'Bill'),
(21, 'Grocery Expenses Account', -200.00, 'Expense'),
(22, 'Dining Expenses Account', -150.00, 'Expense'),
(23, 'Entertainment Expenses Account', -100.00, 'Expense'),
(24, 'Transportation Expenses Account', -50.00, 'Expense'),
(25, 'Shopping Expenses Account', -300.00, 'Expense'),
(26, 'Healthcare Expenses Account', -200.00, 'Expense'),
(27, 'Education Expenses Account', -250.00, 'Expense'),
(28, 'Loan Repayment Account', -200.00, 'Loan'),
(29, 'Investment Portfolio Account', 15000.00, 'Investment'),
(30, 'Insurance Premium Account', -100.00, 'Insurance'),
(31, 'Emergency Fund Account', 1000.00, 'Savings'),
(32, 'Vacation Savings Account', 3000.00, 'Savings'),
(33, 'Education Savings Account', 2000.00, 'Savings'),
(34, 'Medical Savings Account', 1500.00, 'Savings'),
(35, 'Charity Savings Account', 500.00, 'Savings'),
(36, 'Gift Savings Account', 200.00, 'Savings'),
(37, 'Income Account', 500.00, 'Income'),
(38, 'Retirement Account', 15000.00, 'Retirement'),
(39, 'Electricity Bill Account', -100.00, 'Bill'),
(40, 'Water Bill Account', -50.00, 'Bill'),
(41, 'Internet Bill Account', -75.00, 'Bill'),
(42, 'Rent Payment Account', -500.00, 'Bill'),
(43, 'Grocery Expenses Account', -200.00, 'Expense'),
(44, 'Dining Expenses Account', -150.00, 'Expense'),
(45, 'Entertainment Expenses Account', -100.00, 'Expense'),
(46, 'Transportation Expenses Account', -50.00, 'Expense'),
(47, 'Shopping Expenses Account', -300.00, 'Expense'),
(48, 'Healthcare Expenses Account', -200.00, 'Expense'),
(49, 'Education Expenses Account', -250.00, 'Expense'),
(50, 'Loan Repayment Account', -200.00, 'Loan');
INSERT INTO Transactions (transaction_id, date, amount, description, account_id, category_id) VALUES
(1, '2023-01-01', 100.00, 'Grocery shopping', 1, 1),
(2, '2023-01-02', 50.00, 'Electricity bill payment', 2, 2),
(3, '2023-01-03', -500.00, 'Rent payment', 3, 3),
(4, '2023-01-04', -25.00, 'Movie tickets', 4, 4),
(5, '2023-01-05', 200.00, 'Salary deposit', 5, 5),
(6, '2023-01-06', -30.00, 'Dining out', 6, 6),
(7, '2023-01-07', -50.00, 'Gasoline', 7, 7),
(8, '2023-01-08', -75.00, 'Healthcare expenses', 8, 8),
(9, '2023-01-09', -20.00, 'Clothing purchase', 9, 9),
(10, '2023-01-10', -10.00, 'Coffee', 10, 10),
(11, '2023-01-11', -15.00, 'Transportation', 11, 11),
(12, '2023-01-12', -5.00, 'Snacks', 12, 12),
(13, '2023-01-13', -200.00, 'Entertainment', 13, 13),
(14, '2023-01-14', -100.00, 'Shopping', 14, 14),
(15, '2023-01-15', -150.00, 'Dining out', 15, 15),
(16, '2023-01-16', -80.00, 'Travel', 16, 16),
(17, '2023-01-17', -25.00, 'Gift', 17, 17),
(18, '2023-01-18', -40.00, 'Utilities', 18, 18),
(19, '2023-01-19', -20.00, 'Donation', 19, 19),
(20, '2023-01-20', -30.00, 'Insurance', 20, 20),
(21, '2023-01-21', -10.00, 'Loan payment', 21, 21),
(22, '2023-01-22', -15.00, 'Investments', 22, 22),
(23, '2023-01-23', -70.00, 'Groceries', 23, 23),
(24, '2023-01-24', -90.00, 'Healthcare', 24, 24),
(25, '2023-01-25', -25.00, 'Transportation', 25, 25),
(26, '2023-01-26', -50.00, 'Dining out', 26, 26),
(27, '2023-01-27', -80.00, 'Entertainment', 27, 27),
(28, '2023-01-28', -40.00, 'Shopping', 28, 28),
(29, '2023-01-29', -20.00, 'Utilities', 29, 29),
(30, '2023-01-30', -10.00, 'Donation', 30, 30),
(31, '2023-01-31', -30.00, 'Insurance', 31, 31),
(32, '2023-02-01', -15.00, 'Loan payment', 32, 32),
(33, '2023-02-02', -20.00, 'Investments', 33, 33),
(34, '2023-02-03', -60.00, 'Groceries', 34, 34),
(35, '2023-02-04', -80.00, 'Healthcare', 35, 35),
(36, '2023-02-05', -20.00, 'Transportation', 36, 36),
(37, '2023-02-06', -30.00, 'Dining out', 37, 37),
(38, '2023-02-07', -50.00, 'Entertainment', 38, 38),
(39, '2023-02-08', -40.00, 'Shopping', 39, 39),
(40, '2023-02-09', -20.00, 'Utilities', 40, 40),
(41, '2023-02-10', -10.00, 'Donation', 41, 41),
(42, '2023-02-11', -30.00, 'Insurance', 42, 42),
(43, '2023-02-12', -15.00, 'Loan payment', 43, 43),
(44, '2023-02-13', -20.00, 'Investments', 44, 44),
(45, '2023-02-14', -50.00, 'Groceries', 45, 45),
(46, '2023-02-15', -70.00, 'Healthcare', 46, 46),
(47, '2023-02-16', -20.00, 'Transportation', 47, 47),
(48, '2023-02-17', -30.00, 'Dining out', 48, 48),
(49, '2023-02-18', -50.00, 'Entertainment', 49, 49),
(50, '2023-02-19', -30.00, 'Dining out', 50, 50);
select *from Categories;
select *from Accounts;
select *from Transactions;

